<?xml version="1.0" encoding="UTF-8"?>
<project-private xmlns="http://www.netbeans.org/ns/project-private/1">
    <editor-bookmarks xmlns="http://www.netbeans.org/ns/editor-bookmarks/2" lastBookmarkId="0"/>
    <open-files xmlns="http://www.netbeans.org/ns/projectui-open-files/2">
        <group>
            <file>file:/var/www/html/daw2018/exemplo2018/controller/AdminNews.php</file>
            <file>file:/var/www/html/daw2018/exemplo2018/view/templates/default/index.php</file>
            <file>file:/var/www/html/daw2018/exemplo2018/config.php</file>
            <file>file:/var/www/html/daw2018/exemplo2018/model/Noticia.php</file>
            <file>file:/var/www/html/daw2018/exemplo2018/model/Imagem.php</file>
            <file>file:/var/www/html/daw2018/exemplo2018/controller/Home.php</file>
            <file>file:/var/www/html/daw2018/exemplo2018/model/NoticiaDAO.php</file>
        </group>
    </open-files>
</project-private>
